,p_q,AIC
0,"(28, 16)",90.0
1,"(35, 21)",114.0
2,"(0, 13)",153.58444025302018
3,"(2, 11)",154.97719517563064
4,"(7, 12)",155.16834446354966
5,"(0, 14)",155.4007933079751
6,"(1, 13)",155.64435220476213
7,"(5, 14)",155.6856884960829
8,"(7, 10)",155.6879085202952
9,"(8, 19)",155.77461935439925
10,"(8, 18)",156.32800285406577
11,"(8, 10)",156.43541170583396
12,"(2, 12)",156.50729085688923
13,"(3, 11)",156.56520213732117
14,"(8, 12)",156.56697684833654
15,"(6, 14)",157.00590284384435
16,"(9, 19)",157.02411056627017
17,"(3, 10)",157.05226134044074
18,"(1, 14)",157.22122094260314
19,"(0, 15)",157.22368891576735
20,"(5, 19)",157.3023732398793
21,"(4, 19)",157.32223910443548
22,"(4, 10)",157.38925605811747
23,"(14, 4)",157.4697476863035
24,"(2, 13)",157.53387294587736
25,"(4, 17)",157.88105303610274
26,"(9, 20)",157.955179177071
27,"(3, 9)",158.16122719224828
28,"(4, 11)",158.35752423359688
29,"(18, 2)",158.36007786730354
30,"(3, 12)",158.46574427232025
31,"(8, 20)",158.51160255816262
32,"(4, 8)",158.5368279112302
33,"(10, 13)",158.59734341079977
34,"(6, 11)",158.60814386939302
35,"(8, 21)",158.62012261687653
36,"(6, 19)",158.65877783153013
37,"(5, 15)",158.68682356736213
38,"(4, 18)",158.7195922079369
39,"(1, 12)",158.74161869481307
40,"(6, 17)",158.79270457392633
41,"(0, 17)",158.79379520637215
42,"(1, 15)",158.83236734938356
43,"(15, 4)",158.8508822780167
44,"(4, 20)",158.85244067650578
45,"(2, 14)",158.86999971623834
46,"(7, 11)",158.87763702565695
47,"(3, 8)",158.91251512185102
48,"(7, 14)",158.95756839678313
49,"(10, 18)",158.95842871410247
50,"(5, 10)",158.99368606778492
51,"(11, 4)",159.06055889912847
52,"(10, 11)",159.13381782827466
53,"(22, 0)",159.14189913714537
54,"(3, 6)",159.1440810590924
55,"(0, 16)",159.21847101070483
56,"(5, 17)",159.23649747120947
57,"(11, 12)",159.31763422039472
58,"(0, 18)",159.37679916457063
59,"(16, 4)",159.40951588696205
60,"(21, 2)",159.5027832055465
61,"(2, 15)",159.62346405961742
62,"(11, 11)",159.73590586144746
63,"(22, 1)",159.79494834059471
64,"(0, 21)",159.82428328104413
65,"(18, 3)",159.84715143836542
66,"(2, 10)",159.85104941009337
67,"(23, 0)",159.88427441747444
68,"(8, 13)",159.885859194411
69,"(4, 21)",159.9222052453878
70,"(5, 16)",160.0900367830714
71,"(4, 12)",160.09915187525036
72,"(10, 15)",160.13345432093163
73,"(6, 12)",160.16924455678105
74,"(15, 2)",160.18732651518056
75,"(5, 11)",160.2009019313995
76,"(10, 14)",160.22310438113567
77,"(3, 18)",160.30094692988808
78,"(14, 5)",160.31284445583395
79,"(19, 2)",160.386348068975
80,"(3, 13)",160.48437801935165
81,"(12, 12)",160.48780563865498
82,"(0, 19)",160.52042068063923
83,"(5, 20)",160.5591208699646
84,"(11, 13)",160.59113165805468
85,"(1, 16)",160.78240445224313
86,"(3, 14)",160.7878517114541
87,"(8, 14)",160.79543505122174
88,"(7, 17)",160.81379962902315
89,"(4, 6)",160.81844570639396
90,"(9, 21)",160.8221442650537
91,"(8, 17)",160.85843663124368
92,"(12, 11)",160.8606516174566
93,"(7, 19)",160.92016973145897
94,"(12, 13)",160.97107664957605
95,"(5, 18)",160.98838226161035
96,"(11, 18)",160.98927813093925
97,"(11, 2)",160.99444378480726
98,"(16, 5)",161.0624519177681
99,"(17, 4)",161.1708340126128
100,"(6, 13)",161.20661233376353
101,"(13, 12)",161.21075037354137
102,"(4, 9)",161.24529261006577
103,"(4, 1)",161.2625179845396
104,"(22, 2)",161.27194445903498
105,"(14, 0)",161.27512334377073
106,"(6, 0)",161.27676192955443
107,"(9, 10)",161.29095690265385
108,"(0, 22)",161.3019472483433
109,"(20, 2)",161.3325526852095
110,"(10, 12)",161.33896916202104
111,"(4, 22)",161.40078943783195
112,"(24, 0)",161.44231192307953
113,"(21, 3)",161.5174223892462
114,"(2, 3)",161.52446208327032
115,"(11, 7)",161.54222936692312
116,"(4, 3)",161.560951940532
117,"(19, 6)",161.58253797171628
118,"(12, 14)",161.5944489259569
119,"(5, 21)",161.59720605138875
120,"(6, 18)",161.60527546441205
121,"(19, 3)",161.67832859366337
122,"(23, 1)",161.69204367974336
123,"(6, 20)",161.75083139225802
124,"(21, 1)",161.80987412039195
125,"(18, 4)",161.82902386484915
126,"(12, 4)",162.00628699693522
127,"(20, 0)",162.02040218462935
128,"(7, 22)",162.05308093317672
129,"(9, 17)",162.06556584638156
130,"(11, 6)",162.10139858191096
131,"(4, 23)",162.11869699122525
132,"(5, 12)",162.12496760264395
133,"(6, 1)",162.1411108631476
134,"(11, 3)",162.14853286216686
135,"(13, 4)",162.2319612586193
136,"(3, 2)",162.2502049277897
137,"(13, 13)",162.26327783801804
138,"(10, 19)",162.29370891123628
139,"(1, 18)",162.3038962341729
140,"(7, 20)",162.3058431426242
141,"(0, 20)",162.3123051446405
142,"(7, 13)",162.35048451232785
143,"(9, 13)",162.39507897422146
144,"(1, 4)",162.48874062275672
145,"(7, 9)",162.4923913630603
146,"(4, 13)",162.56538825907572
147,"(3, 15)",162.58457429400482
148,"(18, 6)",162.61925141006586
149,"(9, 18)",162.66433295766808
150,"(9, 14)",162.6837480299743
151,"(4, 14)",162.68979059812193
152,"(4, 2)",162.75452467749648
153,"(1, 17)",162.76595859746948
154,"(2, 16)",162.78304428905724
155,"(5, 22)",162.83415170153103
156,"(5, 2)",162.87173914342304
157,"(1, 11)",162.94323607841847
158,"(7, 15)",162.9437074215964
159,"(6, 15)",162.9464571815558
160,"(22, 3)",162.946681972091
161,"(0, 23)",162.97107009554955
162,"(2, 6)",162.977423865354
163,"(25, 0)",162.99914618923256
164,"(7, 0)",163.02918776044575
165,"(1, 19)",163.03027144998163
166,"(15, 11)",163.07744748310643
167,"(3, 23)",163.08277072830083
168,"(6, 10)",163.0968194340506
169,"(3, 7)",163.11277305900722
170,"(12, 18)",163.11784632709004
171,"(3, 22)",163.1213731051486
172,"(18, 0)",163.12634421885443
173,"(1, 22)",163.12738074764184
174,"(23, 2)",163.13257209895508
175,"(9, 15)",163.13386986393544
176,"(21, 4)",163.1827720367295
177,"(8, 16)",163.21313994203436
178,"(15, 0)",163.21893222523195
179,"(14, 1)",163.24179874232215
180,"(5, 1)",163.25781258038933
181,"(17, 5)",163.30462861107142
182,"(10, 20)",163.34426010711394
183,"(5, 13)",163.37624236140147
184,"(13, 11)",163.41614400366183
185,"(4, 7)",163.41691613046868
186,"(11, 9)",163.42394795389583
187,"(13, 14)",163.4804122447478
188,"(20, 6)",163.51465330451603
189,"(18, 1)",163.51642629084864
190,"(2, 4)",163.51858069031744
191,"(3, 3)",163.5218314209319
192,"(7, 21)",163.53367686665558
193,"(2, 18)",163.57425717829778
194,"(6, 2)",163.61081173247015
195,"(14, 13)",163.6125421512007
196,"(21, 0)",163.6821873146323
197,"(20, 3)",163.69112664331317
198,"(8, 3)",163.70484912117507
199,"(16, 3)",163.71492870133113
200,"(7, 18)",163.74124168138516
201,"(14, 11)",163.7429884848132
202,"(13, 19)",163.7747514730456
203,"(5, 9)",163.7759764218769
204,"(5, 8)",163.78904758129167
205,"(6, 21)",163.81334487985293
206,"(3, 4)",163.82590892856933
207,"(19, 4)",163.82938198656927
208,"(0, 24)",163.85406980026966
209,"(24, 1)",163.8612625308507
210,"(18, 5)",163.86162226629466
211,"(4, 4)",163.87075173163345
212,"(4, 24)",163.88151437480218
213,"(20, 1)",163.92084709606496
214,"(15, 5)",163.93848222751785
215,"(11, 20)",163.9794741831695
216,"(15, 12)",164.00093851535985
217,"(3, 16)",164.02543145846442
218,"(8, 15)",164.06328184273485
219,"(8, 22)",164.10267173556142
220,"(23, 3)",164.10648579164362
221,"(10, 21)",164.11938059785803
222,"(10, 16)",164.12570473345616
223,"(8, 11)",164.16066365052052
224,"(11, 19)",164.16557460744997
225,"(2, 5)",164.21505703490993
226,"(1, 5)",164.24236651828744
227,"(3, 20)",164.25325209242422
228,"(19, 0)",164.29194847159715
229,"(5, 0)",164.31590540143014
230,"(16, 0)",164.32286331425652
231,"(1, 6)",164.33655353445712
232,"(11, 10)",164.34502027147212
233,"(5, 23)",164.3510739502583
234,"(1, 20)",164.36231612949916
235,"(16, 12)",164.39053579008873
236,"(14, 2)",164.410164500058
237,"(27, 0)",164.45794570557783
238,"(11, 0)",164.46826967883925
239,"(9, 3)",164.5008346306824
240,"(6, 22)",164.52577510259522
241,"(13, 3)",164.52790826224808
242,"(9, 16)",164.54424725684513
243,"(14, 14)",164.5602361973978
244,"(4, 15)",164.56911039990587
245,"(6, 16)",164.618491787315
246,"(1, 25)",164.6349775226587
247,"(8, 0)",164.72488614953375
248,"(12, 3)",164.7301963984647
249,"(18, 7)",164.7346723628876
250,"(25, 1)",164.74024103809256
251,"(2, 19)",164.76233393044186
252,"(2, 7)",164.7637011043444
253,"(8, 9)",164.76509106054013
254,"(2, 17)",164.7790690559886
255,"(2, 22)",164.8198605068145
256,"(15, 1)",164.84059755637728
257,"(2, 24)",164.84284537635716
258,"(7, 16)",164.84574462840325
259,"(16, 11)",164.8562110667605
260,"(21, 6)",164.86067760574628
261,"(1, 23)",164.88532611338235
262,"(24, 2)",164.91303961559373
263,"(19, 7)",164.9343491396871
264,"(26, 0)",164.96396273495742
265,"(22, 4)",164.98905901321746
266,"(4, 25)",165.00134392627007
267,"(7, 1)",165.09758557302416
268,"(0, 25)",165.13945370689436
269,"(17, 0)",165.1519456736905
270,"(9, 12)",165.27783006589226
271,"(19, 1)",165.3136841376867
272,"(11, 14)",165.3154617169344
273,"(5, 6)",165.34169361730704
274,"(10, 10)",165.35206596244328
275,"(11, 21)",165.40783269446945
276,"(15, 13)",165.44478001790884
277,"(6, 3)",165.45806515344267
278,"(19, 13)",165.46586720994011
279,"(7, 7)",165.52323192576594
280,"(3, 19)",165.5414923669231
281,"(21, 7)",165.56502687631456
282,"(7, 23)",165.59665343635345
283,"(9, 7)",165.59687926847414
284,"(7, 2)",165.61299076727676
285,"(10, 22)",165.70680401568566
286,"(13, 7)",165.72457386226577
287,"(20, 4)",165.79252002060323
288,"(8, 26)",165.79972311045603
289,"(14, 12)",165.8037668052108
290,"(3, 21)",165.82949461242512
291,"(19, 5)",165.8352573929431
292,"(5, 4)",165.86093429965064
293,"(5, 24)",165.86414827112594
294,"(17, 12)",165.88464466153113
295,"(15, 14)",165.8975647232026
296,"(6, 9)",165.90171248052766
297,"(14, 3)",165.91026392329474
298,"(12, 19)",165.92097049738277
299,"(1, 7)",165.97340777879788
300,"(16, 2)",165.98511383956279
301,"(5, 3)",165.99734101890942
302,"(24, 3)",166.01764908358405
303,"(3, 17)",166.03703463056306
304,"(10, 24)",166.06501356781382
305,"(16, 1)",166.06763398526456
306,"(12, 17)",166.07264773809808
307,"(8, 7)",166.08714486984945
308,"(1, 24)",166.15499540367438
309,"(10, 9)",166.17207912747494
310,"(4, 16)",166.18297275399888
311,"(21, 5)",166.18629745135854
312,"(13, 0)",166.18647755489832
313,"(1, 21)",166.1936065519886
314,"(8, 8)",166.21238508184246
315,"(9, 11)",166.23095321263747
316,"(3, 5)",166.24235546705643
317,"(2, 25)",166.27550874221578
318,"(12, 10)",166.31927338198415
319,"(23, 4)",166.32071025313553
320,"(1, 3)",166.32231429081926
321,"(28, 0)",166.338120053664
322,"(2, 20)",166.36955956762978
323,"(10, 23)",166.37859536955983
324,"(5, 7)",166.40161371022361
325,"(2, 1)",166.43803531098547
326,"(7, 6)",166.44997607156955
327,"(12, 0)",166.4682306300321
328,"(11, 1)",166.46825394881498
329,"(9, 0)",166.47661838134542
330,"(9, 22)",166.49483210543158
331,"(12, 20)",166.5344348644273
332,"(2, 23)",166.535267467844
333,"(1, 1)",166.53984544272953
334,"(2, 21)",166.56896012497873
335,"(1, 26)",166.5739906436652
336,"(3, 24)",166.6055769530135
337,"(6, 24)",166.60879336394908
338,"(12, 15)",166.6549046539716
339,"(10, 3)",166.69174678279617
340,"(12, 5)",166.71472742355428
341,"(26, 1)",166.71817911731193
342,"(25, 2)",166.72467762511508
343,"(2, 2)",166.7316083791784
344,"(2, 8)",166.7629362333816
345,"(1, 2)",166.77774581879808
346,"(22, 5)",166.85399425817207
347,"(17, 2)",166.90048597575225
348,"(12, 9)",166.9077398084119
349,"(6, 6)",166.92904258129303
350,"(13, 5)",166.94622234396937
351,"(8, 23)",166.9541142454815
352,"(9, 9)",166.96751107884805
353,"(20, 5)",167.01749271118658
354,"(8, 1)",167.02907207996256
355,"(17, 11)",167.04061238711972
356,"(6, 23)",167.11576236946533
357,"(12, 21)",167.16400463720987
358,"(7, 3)",167.18363891155946
359,"(7, 25)",167.19604527164836
360,"(13, 17)",167.20883133635908
361,"(0, 26)",167.24208615612068
362,"(10, 0)",167.26966681396038
363,"(11, 22)",167.28492650526906
364,"(11, 15)",167.32093148143696
365,"(4, 0)",167.32501596084023
366,"(9, 24)",167.35471484927012
367,"(11, 5)",167.36995257678458
368,"(8, 2)",167.43771411169746
369,"(4, 5)",167.44326833542186
370,"(8, 24)",167.47275572835952
371,"(12, 7)",167.5044542661792
372,"(0, 27)",167.5055937562082
373,"(25, 3)",167.5111513809249
374,"(6, 26)",167.52087412076762
375,"(6, 7)",167.5277020792534
376,"(10, 17)",167.52826943688308
377,"(1, 27)",167.54078221832043
378,"(0, 12)",167.55679304351617
379,"(13, 21)",167.82273384292554
380,"(16, 7)",167.83220339480036
381,"(11, 24)",167.8388258563137
382,"(3, 25)",167.86776119526132
383,"(1, 8)",167.90596270533223
384,"(8, 25)",167.9179979634677
385,"(2, 9)",167.92969378854673
386,"(17, 1)",167.9937622852742
387,"(6, 4)",167.9973921030643
388,"(3, 1)",168.00662772681844
389,"(26, 4)",168.01688927742924
390,"(8, 6)",168.01711559029698
391,"(9, 23)",168.06511756796377
392,"(2, 26)",168.11114644214538
393,"(27, 1)",168.11796086469383
394,"(26, 3)",168.1731809372411
395,"(29, 0)",168.17637090047396
396,"(6, 8)",168.26720647044755
397,"(13, 15)",168.26975279883263
398,"(5, 25)",168.27225186707076
399,"(18, 10)",168.2855946757307
400,"(7, 8)",168.2946300976524
401,"(8, 27)",168.3507454061088
402,"(27, 2)",168.35275093361338
403,"(9, 1)",168.3763872224242
404,"(15, 3)",168.37695328695366
405,"(23, 5)",168.41467709137197
406,"(28, 1)",168.41554298550778
407,"(15, 19)",168.41796232516612
408,"(11, 17)",168.43808267716264
409,"(11, 23)",168.4606850986372
410,"(16, 14)",168.4637451438884
411,"(17, 13)",168.4670646709407
412,"(12, 1)",168.46733711465225
413,"(12, 24)",168.47234115458028
414,"(13, 20)",168.48331014842512
415,"(14, 15)",168.50252896763814
416,"(16, 13)",168.518742865457
417,"(7, 24)",168.54010916147803
418,"(24, 4)",168.54483089755422
419,"(17, 3)",168.56304620742236
420,"(18, 12)",168.58920838186614
421,"(26, 2)",168.65132606440784
422,"(4, 26)",168.6868473827918
423,"(15, 9)",168.69475450003947
424,"(9, 2)",168.74756627532358
425,"(15, 7)",168.78380817737303
426,"(22, 6)",168.8005543340465
427,"(11, 16)",168.83657293808713
428,"(4, 32)",168.86718257085144
429,"(12, 22)",168.8707344915337
430,"(14, 19)",168.99370928394563
431,"(0, 30)",169.00016551785413
432,"(16, 10)",169.0063189943264
433,"(15, 10)",169.02557284673495
434,"(13, 9)",169.0744560873094
435,"(13, 22)",169.07495587767585
436,"(14, 21)",169.08413071062284
437,"(10, 25)",169.12776865262654
438,"(14, 20)",169.1349991377827
439,"(20, 7)",169.21560426278091
440,"(0, 28)",169.22778503541036
441,"(15, 15)",169.28138609651657
442,"(3, 32)",169.49088247672915
443,"(14, 9)",169.5140134268028
444,"(1, 28)",169.54068538243567
445,"(2, 27)",169.5584505887054
446,"(3, 26)",169.56642744634448
447,"(2, 32)",169.62742007383804
448,"(13, 10)",169.63514903080664
449,"(4, 28)",169.77730280626517
450,"(30, 0)",169.80586534788992
451,"(20, 14)",169.8223925713556
452,"(14, 7)",169.83216131251885
453,"(19, 12)",169.86312303751572
454,"(12, 23)",169.8717768123904
455,"(3, 33)",169.87476991272072
456,"(1, 9)",169.8809288769193
457,"(5, 5)",169.90470725919064
458,"(0, 35)",169.96830697289624
459,"(1, 10)",169.99819455135062
460,"(23, 6)",170.05401453911423
461,"(25, 4)",170.08383868227034
462,"(0, 31)",170.13733071688443
463,"(9, 25)",170.15514344159737
464,"(4, 35)",170.18580317213124
465,"(24, 5)",170.1865947294837
466,"(5, 34)",170.23146270516682
467,"(8, 28)",170.26224307500442
468,"(5, 32)",170.271643618656
469,"(13, 6)",170.33242398381333
470,"(29, 1)",170.33804961504626
471,"(10, 1)",170.34483378256544
472,"(28, 2)",170.34551018852318
473,"(18, 13)",170.4281260323896
474,"(27, 3)",170.43868999538768
475,"(12, 2)",170.46467050444028
476,"(13, 1)",170.46567778566427
477,"(0, 29)",170.46994051902848
478,"(12, 8)",170.56086648009955
479,"(22, 7)",170.5971756566898
480,"(9, 8)",170.67569677725865
481,"(10, 5)",170.69634875858074
482,"(16, 16)",170.71207063138053
483,"(16, 15)",170.73969938378457
484,"(14, 22)",170.8191707153383
485,"(13, 2)",170.96825962551065
486,"(20, 13)",171.02962438234476
487,"(10, 2)",171.03221290283872
488,"(4, 34)",171.0745535346709
489,"(15, 20)",171.12305289072046
490,"(12, 6)",171.21081109104452
491,"(21, 14)",171.22575163527426
492,"(11, 25)",171.252044548767
493,"(15, 21)",171.27952675710725
494,"(13, 25)",171.292883765427
495,"(1, 29)",171.29312949030066
496,"(13, 8)",171.37496123394604
497,"(18, 20)",171.40862953164213
498,"(18, 14)",171.44846346164093
499,"(13, 23)",171.46425429991962
500,"(17, 7)",171.50015745428698
501,"(20, 11)",171.50773259318078
502,"(2, 28)",171.5235685076442
503,"(14, 16)",171.54010264189694
504,"(10, 8)",171.54800841764404
505,"(6, 5)",171.552075609085
506,"(19, 14)",171.5564986769246
507,"(17, 10)",171.57681203480348
508,"(3, 27)",171.5788360122151
509,"(4, 29)",171.63378482833235
510,"(25, 5)",171.6870468632434
511,"(9, 26)",171.6992501989367
512,"(10, 4)",171.73784904063115
513,"(9, 6)",171.78813409178088
514,"(31, 0)",171.79556408158638
515,"(28, 3)",171.8031937225116
516,"(18, 11)",171.82845806225774
517,"(3, 34)",171.87746392551625
518,"(6, 27)",171.89204891251742
519,"(13, 18)",171.9085530635059
520,"(8, 29)",171.913260666581
521,"(0, 32)",171.91590160362983
522,"(30, 1)",172.05653558275787
523,"(11, 8)",172.08886704541936
524,"(21, 12)",172.09015019962044
525,"(23, 7)",172.09419611621865
526,"(2, 33)",172.10491376331112
527,"(24, 8)",172.1432349604188
528,"(29, 2)",172.17010820877906
529,"(12, 25)",172.18329358728704
530,"(10, 26)",172.18902472633258
531,"(14, 25)",172.23589419755052
532,"(10, 6)",172.23738930531243
533,"(24, 6)",172.3148063383198
534,"(9, 27)",172.34686657409515
535,"(0, 34)",172.42500552886386
536,"(16, 21)",172.45809798867458
537,"(17, 20)",172.529187775944
538,"(5, 35)",172.5448648516726
539,"(16, 20)",172.61835685853964
540,"(27, 4)",172.67218081195634
541,"(1, 34)",172.79003190159696
542,"(0, 33)",172.79921492239
543,"(26, 5)",172.80620922616106
544,"(14, 23)",172.82746728325176
545,"(4, 33)",172.8407098845244
546,"(15, 22)",172.85120631906608
547,"(1, 31)",172.9034355080846
548,"(14, 18)",172.91069963836537
549,"(2, 31)",172.99019015210078
550,"(21, 19)",172.9955314145989
551,"(7, 5)",173.03654934389425
552,"(13, 24)",173.0917651728641
553,"(2, 35)",173.16609379617972
554,"(6, 34)",173.17182758648298
555,"(7, 26)",173.20473490263126
556,"(6, 30)",173.22915856071165
557,"(1, 30)",173.33006662371437
558,"(19, 9)",173.33299148241557
559,"(10, 27)",173.38490070563228
560,"(1, 32)",173.4138568688228
561,"(2, 29)",173.44519453070959
562,"(3, 28)",173.4614583487737
563,"(14, 8)",173.46518115183886
564,"(9, 4)",173.49942038895927
565,"(28, 4)",173.529901660665
566,"(6, 32)",173.58393518185815
567,"(4, 27)",173.58885322770675
568,"(6, 31)",173.5972628838013
569,"(5, 29)",173.61569273431343
570,"(6, 28)",173.65843884432473
571,"(6, 29)",173.72179857217174
572,"(16, 19)",173.73812639920263
573,"(26, 6)",173.74203540019204
574,"(15, 17)",173.74534648720532
575,"(3, 30)",173.7629878240197
576,"(32, 0)",173.77963821587704
577,"(25, 6)",173.79401135363645
578,"(31, 1)",173.80387252420766
579,"(29, 3)",173.84220104859853
580,"(30, 2)",173.85309409871172
581,"(13, 16)",173.85827172486927
582,"(12, 26)",173.89769796516438
583,"(14, 26)",173.89891938707746
584,"(5, 28)",174.0074058874726
585,"(9, 28)",174.03432440224714
586,"(17, 14)",174.05725715059066
587,"(16, 22)",174.13856312303756
588,"(26, 11)",174.13878666077719
589,"(7, 33)",174.18362014696118
590,"(5, 26)",174.18684139816574
591,"(11, 26)",174.23535621971138
592,"(11, 32)",174.3207892747712
593,"(16, 17)",174.36548896546543
594,"(8, 5)",174.42430620665812
595,"(24, 7)",174.46371547370492
596,"(14, 10)",174.48083018464337
597,"(15, 24)",174.51001109632318
598,"(22, 9)",174.5374378344161
599,"(12, 16)",174.54541250633386
600,"(29, 4)",174.55402817360226
601,"(28, 5)",174.58461927348444
602,"(12, 34)",174.5867107094287
603,"(21, 11)",174.59374794745878
604,"(17, 21)",174.65001498910402
605,"(10, 28)",174.70041183502474
606,"(20, 25)",174.7155058388246
607,"(11, 27)",174.7308775061253
608,"(14, 24)",174.76690313395835
609,"(20, 9)",174.7709260684011
610,"(17, 16)",174.77092623309608
611,"(27, 5)",174.77927664453904
612,"(5, 30)",174.79067041261516
613,"(22, 11)",174.80080172049276
614,"(7, 29)",174.85220441902618
615,"(14, 17)",174.89096858232244
616,"(17, 15)",174.89717924329
617,"(6, 35)",174.9288129093373
618,"(7, 27)",174.96430320619908
619,"(21, 9)",175.02501786238508
620,"(5, 33)",175.1645450142248
621,"(15, 16)",175.19128949007876
622,"(2, 30)",175.2194020379692
623,"(25, 7)",175.22506822042163
624,"(4, 31)",175.28642407378243
625,"(19, 10)",175.29115187267996
626,"(7, 34)",175.29243878367694
627,"(23, 8)",175.31047526938994
628,"(31, 2)",175.33987775123973
629,"(7, 35)",175.3562654911545
630,"(12, 27)",175.36451280637152
631,"(13, 34)",175.37773033788577
632,"(3, 29)",175.44795708739503
633,"(15, 18)",175.45308396247987
634,"(1, 33)",175.45582999044575
635,"(18, 16)",175.46437672414334
636,"(11, 28)",175.47059631627798
637,"(17, 18)",175.51930970416288
638,"(3, 31)",175.60354541684438
639,"(33, 0)",175.60591764683338
640,"(15, 23)",175.62819875335026
641,"(29, 5)",175.64389536261166
642,"(19, 23)",175.65593164446153
643,"(5, 27)",175.65799323507008
644,"(11, 35)",175.69412995402968
645,"(23, 9)",175.70019347424602
646,"(10, 29)",175.70356219065775
647,"(20, 12)",175.76342254675018
648,"(32, 1)",175.79650949424132
649,"(1, 35)",175.80489500276096
650,"(2, 34)",175.86796604421266
651,"(12, 35)",175.9026926681366
652,"(12, 28)",175.92262411117906
653,"(30, 3)",175.94698272349945
654,"(20, 26)",175.9686735429385
655,"(9, 5)",175.9713968143816
656,"(5, 31)",176.00306911597087
657,"(21, 10)",176.0148469583687
658,"(17, 22)",176.0281842445728
659,"(28, 6)",176.04347907462335
660,"(13, 26)",176.05101912938773
661,"(23, 10)",176.07070764082988
662,"(21, 21)",176.122276472971
663,"(8, 34)",176.12286122347592
664,"(15, 26)",176.1335304413826
665,"(10, 7)",176.1801984600727
666,"(24, 9)",176.25792790759442
667,"(11, 29)",176.34694048536755
668,"(26, 8)",176.34837804591217
669,"(7, 31)",176.37421008988068
670,"(6, 33)",176.46530386175175
671,"(19, 15)",176.51917489684485
672,"(3, 35)",176.58155473854484
673,"(22, 8)",176.5878849217244
674,"(27, 6)",176.59847441787014
675,"(27, 9)",176.6326483338558
676,"(19, 20)",176.6539797531559
677,"(21, 25)",176.6807523612224
678,"(9, 29)",176.77149394916637
679,"(13, 27)",176.83486181868398
680,"(22, 21)",176.89822000161806
681,"(15, 35)",176.89942059542648
682,"(13, 28)",176.98170847268688
683,"(13, 35)",177.00144002001704
684,"(28, 7)",177.00924535943946
685,"(34, 0)",177.01940765664696
686,"(31, 3)",177.0397948976531
687,"(9, 35)",177.0433620282176
688,"(25, 8)",177.07497511695635
689,"(7, 30)",177.08998130534482
690,"(29, 7)",177.10994367160328
691,"(20, 15)",177.1584358480884
692,"(17, 17)",177.1703299456039
693,"(8, 35)",177.1724542591463
694,"(16, 23)",177.23403302773647
695,"(26, 7)",177.23847180673835
696,"(23, 11)",177.252798257322
697,"(22, 25)",177.38915575400307
698,"(12, 29)",177.3901682563889
699,"(22, 12)",177.39354031493974
700,"(27, 11)",177.44824146302057
701,"(32, 2)",177.45740327340994
702,"(7, 28)",177.48929168035565
703,"(10, 30)",177.49645103976576
704,"(18, 15)",177.53818783487776
705,"(30, 4)",177.62996807750858
706,"(14, 34)",177.67608928792427
707,"(16, 24)",177.68159429338277
708,"(20, 24)",177.77940589925032
709,"(25, 11)",177.77988378674297
710,"(24, 11)",177.78721478445053
711,"(29, 8)",177.80776600091767
712,"(16, 25)",177.90882606323413
713,"(8, 30)",177.91630125990702
714,"(19, 17)",177.95364127272427
715,"(10, 35)",177.97046943276587
716,"(8, 31)",177.9843708564921
717,"(9, 34)",177.98747458792366
718,"(21, 8)",177.99910737508827
719,"(18, 22)",178.04047529937003
720,"(25, 9)",178.1598780963488
721,"(33, 2)",178.17791059080412
722,"(9, 30)",178.20697010793754
723,"(31, 5)",178.20722777369673
724,"(17, 9)",178.29715506065747
725,"(4, 30)",178.31365662102306
726,"(15, 25)",178.31652331536753
727,"(27, 7)",178.32521771737152
728,"(22, 10)",178.36533025503547
729,"(29, 6)",178.4114345631065
730,"(30, 5)",178.41808822079764
731,"(10, 34)",178.43954250892583
732,"(14, 35)",178.4595231040089
733,"(0, 8)",178.47318513653894
734,"(10, 32)",178.49684726555012
735,"(29, 9)",178.5232305596645
736,"(34, 2)",178.5444478452846
737,"(24, 10)",178.55329922416917
738,"(31, 4)",178.55627119353824
739,"(0, 9)",178.5605818959081
740,"(18, 17)",178.6012251586618
741,"(16, 35)",178.6229093630625
742,"(11, 30)",178.66479714503873
743,"(8, 33)",178.7294164857585
744,"(35, 0)",178.73380136960697
745,"(32, 3)",178.836459446655
746,"(12, 32)",178.84789677438368
747,"(30, 8)",179.12165157475883
748,"(30, 7)",179.12722151036795
749,"(16, 18)",179.13757419280915
750,"(26, 9)",179.20329130940397
751,"(18, 18)",179.24083565675102
752,"(9, 31)",179.25449349940067
753,"(28, 8)",179.2639728509398
754,"(20, 16)",179.26907550584613
755,"(19, 25)",179.27240354424052
756,"(28, 9)",179.29660053549077
757,"(9, 32)",179.33146916871422
758,"(12, 30)",179.33400452402526
759,"(13, 29)",179.39097299112615
760,"(19, 16)",179.42639678337903
761,"(34, 1)",179.4422133961669
762,"(17, 24)",179.44573056136403
763,"(21, 16)",179.54919253039304
764,"(23, 25)",179.56968009862987
765,"(11, 33)",179.64473859226445
766,"(28, 11)",179.6449207599648
767,"(22, 24)",179.6547718563752
768,"(21, 24)",179.66622647202865
769,"(24, 24)",179.69521498575182
770,"(20, 19)",179.72665935602538
771,"(17, 23)",179.79064555064411
772,"(30, 6)",179.93795948939209
773,"(19, 11)",180.0008598912244
774,"(31, 11)",180.02441063341502
775,"(35, 1)",180.0326505133518
776,"(33, 1)",180.07791332528754
777,"(32, 4)",180.10272377085928
778,"(10, 33)",180.1093746177834
779,"(0, 11)",180.12006521152006
780,"(22, 15)",180.25061057747538
781,"(21, 13)",180.2513032667893
782,"(17, 25)",180.27786724416114
783,"(13, 30)",180.285169085774
784,"(31, 6)",180.30904377174127
785,"(27, 8)",180.31103547490255
786,"(7, 32)",180.3537427526324
787,"(19, 19)",180.36196348856583
788,"(10, 31)",180.37916617963342
789,"(25, 10)",180.42683240123222
790,"(31, 9)",180.43758051706203
791,"(20, 10)",180.49139258955248
792,"(16, 9)",180.49668900833612
793,"(0, 10)",180.56656275356153
794,"(33, 3)",180.57979007190687
795,"(22, 17)",180.6237261991282
796,"(17, 35)",180.67161903377635
797,"(18, 19)",180.71285342289409
798,"(17, 19)",180.8006087908795
799,"(20, 27)",180.81621592981094
800,"(21, 17)",180.84336743981848
801,"(22, 14)",180.9052315734583
802,"(11, 31)",181.0199393696434
803,"(32, 5)",181.0475948410985
804,"(18, 23)",181.05334853816453
805,"(14, 27)",181.0779334847119
806,"(35, 2)",181.08896727977606
807,"(31, 7)",181.10563743991975
808,"(14, 28)",181.15767643555387
809,"(30, 9)",181.16384317154672
810,"(8, 32)",181.25617639197128
811,"(21, 15)",181.31676015542416
812,"(13, 32)",181.35816609911174
813,"(21, 18)",181.3959128423695
814,"(23, 23)",181.40452997928412
815,"(20, 17)",181.4467297983705
816,"(20, 18)",181.451182837396
817,"(23, 24)",181.4544323465297
818,"(16, 26)",181.45660638029665
819,"(9, 33)",181.52318777120897
820,"(18, 35)",181.60213179834636
821,"(23, 22)",181.61416244747224
822,"(32, 11)",181.63856207083208
823,"(28, 10)",181.67353752053225
824,"(15, 28)",181.68453177013453
825,"(33, 4)",181.7304477925847
826,"(22, 16)",181.7328235435807
827,"(25, 25)",181.85143456147063
828,"(29, 11)",181.951892889251
829,"(22, 13)",182.22999406810783
830,"(15, 27)",182.2446917949969
831,"(19, 31)",182.25393689495124
832,"(16, 28)",182.36054465059317
833,"(32, 9)",182.3713871792407
834,"(14, 32)",182.3841310981549
835,"(24, 25)",182.40009213085204
836,"(26, 10)",182.4060172794526
837,"(18, 9)",182.46455801086722
838,"(29, 10)",182.49200630440814
839,"(34, 3)",182.5376726540077
840,"(35, 3)",182.61581904958769
841,"(25, 24)",182.6924099438575
842,"(19, 26)",182.74679069110053
843,"(21, 22)",182.75255030275298
844,"(23, 21)",182.8279645576221
845,"(31, 8)",182.85686251304656
846,"(12, 33)",182.89838282240717
847,"(21, 26)",183.0236988376351
848,"(12, 31)",183.10397244152966
849,"(30, 11)",183.16576811012317
850,"(14, 30)",183.16973219629122
851,"(17, 26)",183.27020199834448
852,"(15, 32)",183.29820403199005
853,"(14, 29)",183.32092408439388
854,"(18, 24)",183.33941448011413
855,"(33, 7)",183.3951525245007
856,"(22, 22)",183.4078145912901
857,"(23, 14)",183.4079936920292
858,"(11, 34)",183.43120887560664
859,"(32, 7)",183.44834765951447
860,"(18, 25)",183.4621875751361
861,"(16, 27)",183.53976754711528
862,"(15, 30)",183.66367689474788
863,"(32, 6)",183.68624103165513
864,"(33, 5)",183.71719365213812
865,"(34, 4)",183.83648185587728
866,"(23, 20)",183.90474151482107
867,"(18, 26)",183.91477191198322
868,"(14, 33)",183.95797450826763
869,"(30, 10)",183.97113176571634
870,"(15, 29)",184.00768171219784
871,"(19, 35)",184.03828197559173
872,"(20, 22)",184.11574222803424
873,"(22, 19)",184.1958453141413
874,"(27, 10)",184.21188580198316
875,"(17, 28)",184.2168085893125
876,"(19, 18)",184.23578102923926
877,"(20, 20)",184.2648861141097
878,"(13, 33)",184.27672023951294
879,"(34, 5)",184.33934454451423
880,"(26, 25)",184.48332486500956
881,"(23, 15)",184.54940543672458
882,"(15, 34)",184.55767374990631
883,"(33, 8)",184.61464179314413
884,"(22, 26)",184.65204644513906
885,"(19, 27)",184.68546414640497
886,"(35, 5)",184.7067577755688
887,"(20, 28)",184.76893232267457
888,"(24, 20)",184.78515628804104
889,"(33, 6)",184.78792057334704
890,"(25, 20)",184.78996340920384
891,"(16, 32)",184.85989661011206
892,"(19, 24)",184.9472766636687
893,"(25, 35)",185.01301239993123
894,"(22, 18)",185.02948190361428
895,"(35, 4)",185.0444095225337
896,"(34, 7)",185.04472520534054
897,"(20, 35)",185.0535091911537
898,"(21, 20)",185.17897583539053
899,"(21, 27)",185.2004764798881
900,"(18, 21)",185.23396037072462
901,"(23, 19)",185.26755225764978
902,"(16, 30)",185.29727987870467
903,"(15, 31)",185.31429147359353
904,"(35, 6)",185.3550954375233
905,"(25, 34)",185.36340055315168
906,"(15, 33)",185.44679989955986
907,"(34, 9)",185.45088508889808
908,"(22, 20)",185.4557824363765
909,"(13, 31)",185.49793221186854
910,"(17, 27)",185.52307620889593
911,"(32, 8)",185.62603618526074
912,"(31, 10)",185.6865380877994
913,"(19, 28)",185.8107811544711
914,"(26, 24)",185.92209680275704
915,"(16, 29)",186.0120305580267
916,"(21, 28)",186.0363396033086
917,"(23, 17)",186.04004623712643
918,"(16, 31)",186.12730097670098
919,"(24, 15)",186.13814524900388
920,"(16, 33)",186.2243709347164
921,"(24, 14)",186.25544850288844
922,"(18, 27)",186.27910898191953
923,"(35, 7)",186.2814328844109
924,"(33, 9)",186.32944416650645
925,"(27, 25)",186.3672362616424
926,"(23, 16)",186.42873051009548
927,"(25, 14)",186.49036203093226
928,"(20, 21)",186.51114759093184
929,"(34, 6)",186.52736921917278
930,"(17, 31)",186.54670508709037
931,"(26, 21)",186.57107738532412
932,"(19, 32)",186.6129283182027
933,"(20, 23)",186.61944660484204
934,"(23, 26)",186.63319136226173
935,"(17, 32)",186.65275565194872
936,"(27, 26)",186.6782625127128
937,"(22, 27)",186.77044260857951
938,"(27, 24)",186.8567782928478
939,"(32, 10)",186.92303317055757
940,"(26, 20)",187.12034050957482
941,"(16, 34)",187.20428106000995
942,"(25, 21)",187.2323014964086
943,"(20, 31)",187.42776803860244
944,"(21, 35)",187.5046903668815
945,"(33, 11)",187.75772711632635
946,"(24, 17)",187.77181733665861
947,"(23, 18)",187.78813261162583
948,"(34, 8)",187.78844499716206
949,"(26, 34)",187.79948990345753
950,"(35, 8)",188.0250141758321
951,"(35, 9)",188.03456954332202
952,"(17, 29)",188.15282107505055
953,"(17, 34)",188.24380118240447
954,"(26, 15)",188.2910630488882
955,"(19, 29)",188.3237876822338
956,"(24, 28)",188.47979258286023
957,"(22, 28)",188.52509620852342
958,"(17, 33)",188.56556661713446
959,"(18, 28)",188.68274349770815
960,"(23, 27)",188.78891408268464
961,"(24, 26)",189.02836774341648
962,"(21, 34)",189.0838023014143
963,"(22, 34)",189.12148832010828
964,"(19, 21)",189.12610870044836
965,"(27, 20)",189.14776926766854
966,"(29, 26)",189.1823595132417
967,"(14, 31)",189.1866750703587
968,"(21, 23)",189.24223565503235
969,"(20, 29)",189.24513358404707
970,"(22, 35)",189.24817967181832
971,"(19, 22)",189.25550173936466
972,"(17, 30)",189.49004267473322
973,"(28, 29)",189.62840998005143
974,"(24, 16)",189.68215704682854
975,"(28, 26)",189.69800412472625
976,"(18, 34)",189.7051549853642
977,"(28, 28)",189.7500590072836
978,"(29, 25)",189.851297966996
979,"(20, 30)",189.8615531630977
980,"(20, 32)",189.9195365162467
981,"(26, 35)",190.02951111896567
982,"(21, 31)",190.0848561974356
983,"(18, 30)",190.1641523786078
984,"(21, 29)",190.23202257503448
985,"(30, 25)",190.249985931887
986,"(19, 33)",190.29473820869413
987,"(25, 16)",190.33062929524993
988,"(25, 19)",190.37397625585965
989,"(26, 14)",190.37463352977352
990,"(18, 29)",190.405151324767
991,"(19, 8)",190.4098081113564
992,"(27, 34)",190.44310517150717
993,"(26, 26)",190.44729356227316
994,"(25, 26)",190.51791604494608
995,"(18, 33)",190.5473858421486
996,"(27, 21)",190.5594443539017
997,"(23, 35)",190.5837649983211
998,"(24, 27)",190.62617130639194
999,"(20, 33)",190.74374039348206
1000,"(24, 19)",190.7513360256553
1001,"(18, 31)",190.77202568945944
1002,"(23, 34)",190.80713246035577
1003,"(18, 32)",190.8171286090003
1004,"(0, 7)",190.84796595986313
1005,"(33, 10)",190.8498126632363
1006,"(23, 28)",190.85215355162728
1007,"(24, 18)",190.94796032899163
1008,"(25, 15)",191.05288926193703
1009,"(24, 21)",191.32040597787756
1010,"(27, 35)",191.3400733948473
1011,"(26, 22)",191.3726485433782
1012,"(25, 28)",191.42025379166117
1013,"(19, 30)",191.50158538823194
1014,"(21, 33)",191.5117702391273
1015,"(35, 10)",191.6729276768133
1016,"(21, 32)",192.00440118872854
1017,"(28, 30)",192.27611408967545
1018,"(24, 35)",192.2762219577353
1019,"(22, 31)",192.28423182079428
1020,"(28, 25)",192.2881923954581
1021,"(31, 25)",192.29397526072768
1022,"(23, 29)",192.30153298730949
1023,"(29, 28)",192.30853774952794
1024,"(28, 31)",192.4890907201642
1025,"(22, 23)",192.4978997265369
1026,"(24, 34)",192.56599187885976
1027,"(27, 15)",192.61626740900945
1028,"(28, 24)",192.6549269608456
1029,"(25, 17)",192.71374588739243
1030,"(30, 26)",192.73326596025197
1031,"(34, 11)",192.74800383768618
1032,"(22, 29)",192.91390370945635
1033,"(3, 0)",192.91539275435383
1034,"(25, 27)",192.9487278363723
1035,"(26, 27)",192.95818059356486
1036,"(22, 32)",193.04348654952412
1037,"(33, 33)",193.1342548606662
1038,"(31, 21)",193.15327637496202
1039,"(34, 10)",193.15671341929917
1040,"(29, 20)",193.3963671539631
1041,"(26, 16)",193.56730129054736
1042,"(35, 11)",193.59566093833706
1043,"(19, 34)",193.6017701977285
1044,"(29, 24)",193.6028403436095
1045,"(30, 27)",193.61735149097922
1046,"(28, 22)",193.63998601739212
1047,"(26, 28)",193.70309623753695
1048,"(30, 20)",193.90868242829086
1049,"(30, 34)",193.9100915846046
1050,"(20, 34)",193.97351373616246
1051,"(21, 30)",193.97495451329632
1052,"(26, 19)",193.99737690842932
1053,"(27, 27)",194.1390455460824
1054,"(24, 29)",194.25679225565682
1055,"(27, 28)",194.26192532005453
1056,"(23, 30)",194.26217879717404
1057,"(26, 18)",194.2996135567243
1058,"(27, 17)",194.38757807939868
1059,"(24, 23)",194.45347368965304
1060,"(25, 22)",194.49396647455322
1061,"(31, 26)",194.49497458565773
1062,"(26, 17)",194.53629715465004
1063,"(27, 16)",194.60284589254627
1064,"(29, 27)",194.63443907719437
1065,"(23, 31)",194.82716658776448
1066,"(28, 19)",194.87199984922452
1067,"(29, 21)",194.9137078474648
1068,"(25, 18)",194.9811002000348
1069,"(24, 22)",194.99352235222597
1070,"(31, 29)",195.39385878586714
1071,"(27, 19)",195.46779560011416
1072,"(28, 21)",195.6429853415039
1073,"(33, 25)",195.7730319458174
1074,"(28, 20)",195.8959831400602
1075,"(30, 30)",195.9009507486532
1076,"(31, 30)",195.9490984851139
1077,"(23, 32)",195.95856262416112
1078,"(22, 33)",196.06881145056383
1079,"(24, 30)",196.12413767930266
1080,"(27, 22)",196.1843846925259
1081,"(31, 27)",196.27777148928052
1082,"(31, 33)",196.30250540026793
1083,"(30, 28)",196.30629171483037
1084,"(24, 31)",196.30810170715552
1085,"(26, 23)",196.36380049719554
1086,"(27, 18)",196.37438957996477
1087,"(29, 31)",196.47678750829786
1088,"(32, 26)",196.48660513387895
1089,"(34, 25)",196.49015112407005
1090,"(25, 29)",196.51263183571413
1091,"(25, 23)",196.52198639137873
1092,"(22, 30)",196.7288582165305
1093,"(30, 21)",196.73151727525308
1094,"(35, 26)",197.07076819988703
1095,"(25, 31)",197.1076893111807
1096,"(35, 12)",197.1633231062664
1097,"(29, 19)",197.22806042319098
1098,"(25, 33)",197.29523826835302
1099,"(32, 29)",197.39703483828663
1100,"(32, 30)",197.5015119312484
1101,"(28, 27)",197.5645558475089
1102,"(24, 13)",197.5939847769668
1103,"(29, 22)",197.67874859711304
1104,"(26, 31)",197.76422254408823
1105,"(29, 35)",197.78897364254706
1106,"(26, 32)",197.90574511899402
1107,"(33, 12)",197.91016044768162
1108,"(26, 33)",197.91018982368115
1109,"(30, 29)",198.0147158594025
1110,"(31, 12)",198.0364028133061
1111,"(32, 25)",198.16560083345647
1112,"(25, 30)",198.21903182895858
1113,"(33, 26)",198.29518845672948
1114,"(31, 28)",198.45479712738828
1115,"(29, 33)",198.46050627222644
1116,"(28, 18)",198.55625916063946
1117,"(28, 17)",198.5673752020121
1118,"(25, 32)",198.60051060002817
1119,"(26, 29)",198.72027782019126
1120,"(34, 33)",198.8467198603853
1121,"(32, 24)",198.88255154334695
1122,"(23, 33)",198.9761383604185
1123,"(33, 24)",198.99626974405982
1124,"(35, 33)",199.1031714979558
1125,"(31, 20)",199.13077600181526
1126,"(32, 33)",199.15410616834873
1127,"(34, 26)",199.23795938864956
1128,"(23, 13)",199.28976400701768
1129,"(28, 33)",199.30411865988702
1130,"(27, 23)",199.51548995952245
1131,"(34, 12)",199.56388386637101
1132,"(34, 31)",199.5753136736535
1133,"(30, 35)",199.59034266433713
1134,"(35, 25)",199.6062281595812
1135,"(27, 33)",199.6550048468672
1136,"(26, 30)",199.71873464557626
1137,"(27, 32)",199.72450414494494
1138,"(32, 22)",199.75684468913417
1139,"(28, 32)",200.1334921133035
1140,"(30, 19)",200.1482798446774
1141,"(27, 31)",200.15855636959037
1142,"(2, 0)",200.39480455357392
1143,"(31, 22)",200.43148010022284
1144,"(32, 28)",200.44591214813914
1145,"(27, 29)",200.45716551664992
1146,"(29, 34)",200.57132352636802
1147,"(24, 33)",200.5744790644356
1148,"(29, 18)",200.7014819307838
1149,"(30, 33)",200.72496804597225
1150,"(32, 21)",200.74528202954673
1151,"(30, 22)",200.93667236000394
1152,"(31, 31)",200.9586392263966
1153,"(31, 19)",201.25690226178446
1154,"(33, 30)",201.46501021344636
1155,"(28, 34)",201.54423949722315
1156,"(24, 32)",201.70355033378797
1157,"(33, 29)",201.77263727832604
1158,"(27, 30)",201.79774681391757
1159,"(32, 31)",201.89952412794088
1160,"(30, 24)",202.11353521533184
1161,"(31, 18)",202.39382739060628
1162,"(33, 27)",202.55246294046339
1163,"(31, 32)",202.61582340411704
1164,"(33, 28)",202.65736807348284
1165,"(28, 35)",202.77676177298406
1166,"(33, 22)",202.89885780858205
1167,"(30, 18)",203.00044515960542
1168,"(28, 23)",203.0156497213124
1169,"(31, 24)",203.56153277722262
1170,"(33, 19)",203.88626852630094
1171,"(34, 30)",203.91222743805014
1172,"(32, 20)",204.15941416872596
1173,"(33, 31)",204.3451441358311
1174,"(34, 19)",204.39239161471033
1175,"(35, 19)",204.44958157302267
1176,"(29, 29)",204.48719330328782
1177,"(34, 28)",204.62428540338078
1178,"(35, 31)",204.9385148705636
1179,"(29, 23)",205.00097577543872
1180,"(32, 27)",205.06919004056266
1181,"(32, 19)",205.13963394569927
1182,"(32, 18)",205.2869945162073
1183,"(34, 29)",205.49527620248637
1184,"(31, 23)",205.53975159928015
1185,"(35, 28)",205.64979921488955
1186,"(30, 23)",205.7988475718421
1187,"(29, 30)",205.97243567446458
1188,"(32, 34)",206.0896786896164
1189,"(31, 34)",206.1432944316212
1190,"(35, 30)",206.20390369127858
1191,"(32, 17)",206.40550981558368
1192,"(33, 18)",206.59151333182382
1193,"(8, 4)",206.75442226116564
1194,"(32, 23)",206.83203526847902
1195,"(34, 27)",206.87004659225627
1196,"(33, 20)",207.00571127082264
1197,"(35, 29)",207.05204002849433
1198,"(34, 18)",207.60398500023916
1199,"(29, 17)",207.71367819475142
1200,"(35, 34)",207.9312685006155
1201,"(32, 12)",207.94443617554958
1202,"(29, 32)",207.99284829846346
1203,"(31, 35)",208.18344392014532
1204,"(34, 20)",208.35843988352923
1205,"(33, 21)",208.4476540665831
1206,"(35, 18)",209.06729155155347
1207,"(30, 17)",209.26703709303797
1208,"(34, 22)",209.80326498580024
1209,"(32, 35)",210.3951999320891
1210,"(20, 8)",210.57156245168886
1211,"(35, 20)",210.63289526981498
1212,"(34, 34)",211.11899459919704
1213,"(34, 32)",211.12877915732597
1214,"(30, 31)",211.192068250545
1215,"(33, 34)",211.2918015583208
1216,"(35, 27)",211.5769966633532
1217,"(35, 22)",211.6761336738491
1218,"(35, 32)",211.96574424820597
1219,"(33, 35)",212.91555123326594
1220,"(30, 32)",212.92514208282515
1221,"(33, 23)",213.09133929581898
1222,"(34, 35)",213.35430551841583
1223,"(34, 21)",213.66763832000737
1224,"(33, 32)",213.9013259955681
1225,"(32, 32)",214.62428685403552
1226,"(0, 6)",214.95552612533265
1227,"(34, 23)",215.71845394841193
1228,"(35, 24)",215.88317992553738
1229,"(35, 35)",215.93744196906616
1230,"(34, 24)",216.28107809520498
1231,"(35, 23)",217.01604084947996
1232,"(33, 17)",218.06397841061312
1233,"(31, 17)",222.33286247065985
1234,"(15, 8)",228.16598415803037
1235,"(35, 17)",228.2664663578917
1236,"(27, 14)",229.8795050288269
1237,"(0, 5)",234.4714297513817
1238,"(35, 13)",240.82403101785383
1239,"(29, 12)",244.07367400067656
1240,"(32, 13)",253.8869429875258
1241,"(0, 4)",262.6076560435358
1242,"(29, 15)",265.98946697453255
1243,"(1, 0)",272.70392809023417
1244,"(7, 4)",283.38176695351865
1245,"(18, 8)",293.8530432797496
1246,"(17, 8)",324.2206829201132
1247,"(34, 17)",350.82205344455144
1248,"(33, 15)",352.0478449885723
1249,"(30, 12)",355.2743469862434
1250,"(34, 13)",357.7540488591723
1251,"(0, 3)",362.6534633879853
1252,"(0, 2)",461.3999423993225
1253,"(27, 12)",470.2279799119103
1254,"(28, 15)",505.56424318252203
1255,"(33, 13)",605.9148275231828
1256,"(16, 8)",624.7813951563802
1257,"(26, 12)",643.3502549517003
1258,"(34, 15)",670.7540769956612
1259,"(31, 15)",674.6753710832458
1260,"(0, 1)",739.2001941955377
1261,"(32, 15)",827.3329151758935
1262,"(17, 6)",846.6848130250984
1263,"(30, 15)",857.2524214390496
1264,"(35, 15)",864.3451262273159
1265,"(28, 12)",941.0979457554167
1266,"(31, 13)",993.8784111656896
1267,"(35, 14)",1027.5693569682142
1268,"(30, 13)",1036.7449952211211
1269,"(29, 16)",1058.7516776913394
1270,"(24, 12)",1174.014372846611
1271,"(29, 13)",1218.3217476013551
1272,"(23, 12)",1243.47448400922
1273,"(0, 0)",1253.0644559260904
1274,"(25, 12)",1268.21581705964
1275,"(28, 13)",1523.1160279750661
1276,"(26, 13)",1531.2856034620054
1277,"(27, 13)",1657.5957023334402
1278,"(34, 14)",1692.2252751795813
1279,"(16, 6)",2909.8023977347857
1280,"(33, 14)",3001.106083020059
1281,"(25, 13)",3428.4220770021875
1282,"(35, 16)",3718.637526433649
1283,"(34, 16)",3722.9669785768747
1284,"(32, 14)",4346.4947846713085
1285,"(31, 16)",4858.107429122261
1286,"(33, 16)",5250.996761649861
1287,"(32, 16)",5316.388840615758
1288,"(31, 14)",5692.770505087144
1289,"(30, 14)",7039.367304717363
1290,"(15, 6)",8352.386302940495
1291,"(29, 14)",8379.70893749718
1292,"(28, 14)",9592.771449218328
1293,"(14, 6)",13838.339152126577
